{"Mean":{"confidence_interval":{"confidence_level":0.95,"lower_bound":-0.9999354387046145,"upper_bound":-0.9999285239892499},"point_estimate":-0.9999317845297111,"standard_error":1.7730237405552787e-6},"Median":{"confidence_interval":{"confidence_level":0.95,"lower_bound":-0.9999271243476254,"upper_bound":-0.9999240725454572},"point_estimate":-0.9999251465496072,"standard_error":7.680086880120433e-7}}