{"Mean":{"confidence_interval":{"confidence_level":0.95,"lower_bound":44856.978385939954,"upper_bound":47620.30384124026},"point_estimate":46128.01651755527,"standard_error":708.2807421303145},"Median":{"confidence_interval":{"confidence_level":0.95,"lower_bound":43050.232142857145,"upper_bound":43639.013023088024},"point_estimate":43264.258387445894,"standard_error":151.22903212900113},"MedianAbsDev":{"confidence_interval":{"confidence_level":0.95,"lower_bound":519.7065311325939,"upper_bound":1357.6453698593812},"point_estimate":781.1876540556814,"standard_error":208.8680136095443},"Slope":{"confidence_interval":{"confidence_level":0.95,"lower_bound":44350.51226383527,"upper_bound":47353.913695933195},"point_estimate":45716.53542727407,"standard_error":773.3714667951142},"StdDev":{"confidence_interval":{"confidence_level":0.95,"lower_bound":4404.009537594906,"upper_bound":9430.747379238717},"point_estimate":7146.243307204157,"standard_error":1280.7743714144751}}