{"Mean":{"confidence_interval":{"confidence_level":0.95,"lower_bound":1.3045170355107703,"upper_bound":1.313870484081412},"point_estimate":1.308809871187829,"standard_error":0.0023949045594510287},"Median":{"confidence_interval":{"confidence_level":0.95,"lower_bound":1.298829635560576,"upper_bound":1.3014745797546508},"point_estimate":1.300244356502171,"standard_error":0.0006505975567744357},"MedianAbsDev":{"confidence_interval":{"confidence_level":0.95,"lower_bound":0.0025590376671238402,"upper_bound":0.006066813843448852},"point_estimate":0.004356495333392406,"standard_error":0.0008854739142328835},"Slope":{"confidence_interval":{"confidence_level":0.95,"lower_bound":1.301610760939213,"upper_bound":1.3060345082811504},"point_estimate":1.3036895814790517,"standard_error":0.001132547435023631},"StdDev":{"confidence_interval":{"confidence_level":0.95,"lower_bound":0.01432948956553737,"upper_bound":0.03182785804524309},"point_estimate":0.02409544206119477,"standard_error":0.004468868759111814}}