{"Mean":{"confidence_interval":{"confidence_level":0.95,"lower_bound":3669.7331471937896,"upper_bound":3745.6941180392237},"point_estimate":3704.189609864248,"standard_error":19.49785577962421},"Median":{"confidence_interval":{"confidence_level":0.95,"lower_bound":3616.963145129615,"upper_bound":3662.3813998915675},"point_estimate":3632.4996831319595,"standard_error":10.725268338980184},"MedianAbsDev":{"confidence_interval":{"confidence_level":0.95,"lower_bound":27.74055192541725,"upper_bound":77.44692029449666},"point_estimate":49.149486307041315,"standard_error":12.00031355310959},"Slope":{"confidence_interval":{"confidence_level":0.95,"lower_bound":3641.9508057090156,"upper_bound":3685.1881973622167},"point_estimate":3661.3166752722277,"standard_error":11.089336541475351},"StdDev":{"confidence_interval":{"confidence_level":0.95,"lower_bound":111.21281746499473,"upper_bound":273.4132394752382},"point_estimate":195.63804186349984,"standard_error":42.26595852958036}}