{"Mean":{"confidence_interval":{"confidence_level":0.95,"lower_bound":-0.34532045471146555,"upper_bound":-0.28537978042946793},"point_estimate":-0.31520618525916033,"standard_error":0.015284876797972854},"Median":{"confidence_interval":{"confidence_level":0.95,"lower_bound":-0.34760704670895937,"upper_bound":-0.3052225318044509},"point_estimate":-0.32298851426834485,"standard_error":0.010122980269119121}}