{"Mean":{"confidence_interval":{"confidence_level":0.95,"lower_bound":3666.5346756178656,"upper_bound":3754.318050054869},"point_estimate":3706.175903492698,"standard_error":22.540002569656007},"Median":{"confidence_interval":{"confidence_level":0.95,"lower_bound":3620.3915737298635,"upper_bound":3652.199150292087},"point_estimate":3640.4283432822626,"standard_error":10.516716012937383},"MedianAbsDev":{"confidence_interval":{"confidence_level":0.95,"lower_bound":32.40905683086382,"upper_bound":72.02542047282829},"point_estimate":55.74674104565444,"standard_error":11.481410461856248},"Slope":{"confidence_interval":{"confidence_level":0.95,"lower_bound":3643.2797109542225,"upper_bound":3689.1961050815607},"point_estimate":3662.686347587763,"standard_error":11.727558133923578},"StdDev":{"confidence_interval":{"confidence_level":0.95,"lower_bound":111.94484599514799,"upper_bound":319.57315613931104},"point_estimate":226.20167253295233,"standard_error":53.067151413935605}}