{"Mean":{"confidence_interval":{"confidence_level":0.95,"lower_bound":0.6665457875344737,"upper_bound":0.673606509842606},"point_estimate":0.6697203225830018,"standard_error":0.0018228122074157216},"Median":{"confidence_interval":{"confidence_level":0.95,"lower_bound":0.6633561736834716,"upper_bound":0.6643725178613676},"point_estimate":0.6637274623442715,"standard_error":0.00023689501916853721},"MedianAbsDev":{"confidence_interval":{"confidence_level":0.95,"lower_bound":0.0011023216285372525,"upper_bound":0.0025660583415577395},"point_estimate":0.0015855372040101297,"standard_error":0.0003550073502173158},"Slope":{"confidence_interval":{"confidence_level":0.95,"lower_bound":0.6650479707218829,"upper_bound":0.6681835663835075},"point_estimate":0.6664706277604681,"standard_error":0.0008034004702693278},"StdDev":{"confidence_interval":{"confidence_level":0.95,"lower_bound":0.00861872323396341,"upper_bound":0.025578854055466217},"point_estimate":0.01829397903723383,"standard_error":0.0042757875216398915}}