{"Mean":{"confidence_interval":{"confidence_level":0.95,"lower_bound":-0.9997278718677838,"upper_bound":-0.9997057850000778},"point_estimate":-0.9997151964805274,"standard_error":5.781864148551481e-6},"Median":{"confidence_interval":{"confidence_level":0.95,"lower_bound":-0.9997024785879496,"upper_bound":-0.9997001873165926},"point_estimate":-0.9997008646087352,"standard_error":6.208809676805147e-7}}