{"Mean":{"confidence_interval":{"confidence_level":0.95,"lower_bound":-0.46698225774592345,"upper_bound":-0.35004545929118003},"point_estimate":-0.4094911327774776,"standard_error":0.029938204071241065},"Median":{"confidence_interval":{"confidence_level":0.95,"lower_bound":-0.3685401884915086,"upper_bound":-0.25985467498672277},"point_estimate":-0.29168598510600185,"standard_error":0.027418810158823883}}