{"Mean":{"confidence_interval":{"confidence_level":0.95,"lower_bound":-0.1680253882695066,"upper_bound":-0.06981147889674058},"point_estimate":-0.1163718881815794,"standard_error":0.025227935744734645},"Median":{"confidence_interval":{"confidence_level":0.95,"lower_bound":-0.06089721533831882,"upper_bound":-0.03929666879657101},"point_estimate":-0.04482684688961891,"standard_error":0.00584577743439414}}